Model,Accuracy,AUC
Logistic Regression,0.5166666666666666,0.547229813200924
Gradient Boosting,0.5447916666666667,0.5488844616290095
XGBoost,0.5291666666666667,0.5271652974793929
