Model,Accuracy,AUC
Logistic Regression,0.4833333333333333,0.5204425958874079
Gradient Boosting,0.5145833333333333,0.5249783283567228
XGBoost,0.5229166666666667,0.5139893163063921
